<?xml version="1.0" encoding="UTF-8"?>
<beans xmlns="http://www.springframework.org/schema/beans"
       xmlns:xsi="http://www.w3.org/2001/XMLSchema-instance"
       xmlns:task="http://www.springframework.org/schema/task"
       xmlns:rabbit="http://www.springframework.org/schema/rabbit"
       xsi:schemaLocation="http://www.springframework.org/schema/beans
                http://www.springframework.org/schema/beans/spring-beans-3.2.xsd
         		http://www.springframework.org/schema/task
    			http://www.springframework.org/schema/task/spring-task.xsd
         		http://www.springframework.org/schema/rabbit
         		http://www.springframework.org/schema/rabbit/spring-rabbit-1.0.xsd">

  	<!-- 定义RabbitMQ的连接工厂 -->
	<rabbit:connection-factory id="connectionFactory"
		host="${rabbitmq.host}" port="${rabbitmq.port}" username="${rabbitmq.username}" password="${rabbitmq.password}"
		virtual-host="${rabbitmq.vhost}" />
	
	<!-- 定义管理 -->
	<rabbit:admin connection-factory="connectionFactory"/>
	
	<!-- 定义队列 -->
	<rabbit:queue name="notify-goods" auto-delete="false" exclusive="false" durable="true" />
	
	<!-- 定义消费者  -->
	<bean id="goodsMQHandler" class="com.mmr.search.mq.GoodsIndexMq"/>

    <task:executor id="taskExecutor" pool-size="20" />

	<!-- 消费者监听队列 -->
	<!--task-executor（异步)  -->
	<rabbit:listener-container connection-factory="connectionFactory"  task-executor="taskExecutor">
		<rabbit:listener ref="goodsMQHandler" queue-names="notify-goods"/>
	</rabbit:listener-container>


</beans>        		