<beans xmlns="http://www.springframework.org/schema/beans"
	xmlns:xsi="http://www.w3.org/2001/XMLSchema-instance" xmlns:rabbit="http://www.springframework.org/schema/rabbit"
	xsi:schemaLocation="http://www.springframework.org/schema/rabbit
	http://www.springframework.org/schema/rabbit/spring-rabbit-1.7.xsd
	http://www.springframework.org/schema/beans
	http://www.springframework.org/schema/beans/spring-beans-4.0.xsd">
	
	<!--  1.定义RabbitMQ的连接工厂 -->
	<rabbit:connection-factory id="connectionFactory"
		host="127.0.0.1" port="5672" username="user_mmr" password="123"
		virtual-host="/vhost_mmr" />
		
	
	<!-- 2.定义Rabbit模板，指定连接工厂以及定义exchange -->
	<rabbit:template id="amqpTemplate" connection-factory="connectionFactory" exchange="fanoutExchange" />
	
	<!-- MQ的管理，包括队列、交换器 声明等 -->
	<rabbit:admin connection-factory="connectionFactory" />

	<!-- 定义队列，自动声明 -->
	<rabbit:queue name="myQueue" auto-declare="true" durable="true"/>
	
	<!-- 定义交换器，自动声明 -->
	<rabbit:fanout-exchange name="fanoutExchange" auto-declare="true">
		<rabbit:bindings>
			<rabbit:binding queue="myQueue"/>
		</rabbit:bindings>
	</rabbit:fanout-exchange>
	
	
	<!-- 队列监听 -->
	<rabbit:listener-container connection-factory="connectionFactory">
		<rabbit:listener ref="foo" method="listen" queue-names="myQueue" />
	</rabbit:listener-container>

	<!-- 消费者 -->
	<bean id="foo" class="com.mmr.rabbitmq.spring.MyConsumer" />

</beans>